,Date,USD/USDT,USD/ETH,USDT/ETH,ETH/USDT,5_ema_USDT/ETH,10_ema_USDT/ETH,15_ema_USDT/ETH,50_ema_USDT/ETH,5_ema_ETH/USDT,10_ema_ETH/USDT,15_ema_ETH/USDT,50_ema_ETH/USDT
0,2021-01-01,1.000614,730.1145904444796,0.0013704889795324395,729.666575167327,0.0013704889795324395,0.0013704889795324395,0.0013704889795324395,0.0013704889795324395,729.666575167327,729.666575167327,729.666575167327,729.666575167327
1,2021-01-02,1.001888,775.1390984789116,0.0012925267245144094,773.6783936716596,0.0013445015611930962,0.0013563140240746157,0.0013607436976551858,0.0013674316361983992,744.3371813354379,737.6687239862965,735.1680524803685,731.3925288341635
2,2021-01-03,1.000427,778.1925675280806,0.0012855776857106775,777.860421128259,0.0013248602693656233,0.0013434528716448088,0.001351347946162122,0.0013642216773557436,755.5115945997115,744.9763052848351,740.5045985613548,733.2147991202064
3,2021-01-04,1.0005,988.5238265117968,0.0010121152097369909,988.0298116059938,0.0012206119161560793,0.001283209660388842,0.0013089438541089807,0.0013504135805863808,833.017666935139,789.1678518886821,771.4452501919346,743.2075447078844
4,2021-01-05,1.000174,1048.5543751315683,0.0009538599272684376,1048.371958410805,0.0011316945865268656,0.0012233278907305865,0.0012645583632539127,0.0013348624569268536,904.8024307603611,836.2958712563408,806.0610887192934,755.1747766178029
5,2021-01-06,1.002229,1209.045344088613,0.0008289424419854884,1206.3563757271172,0.0010307772050130734,0.001151621445504205,0.0012101063730953598,0.0013150224563409179,1005.3204124159465,903.5795993419364,856.0979995952714,772.8681726613054
6,2021-01-07,1.001448,1224.1326850123778,0.0008180877875913213,1222.3627038172506,0.000959880732539156,0.001090978962247317,0.001161104049907355,0.0012955348222723063,1077.667842883048,961.5401637919936,901.8810876230189,790.4954091772248
7,2021-01-08,1.000365,1217.8190645765549,0.0008214397598939171,1217.3747228027319,0.0009137337416574098,0.0010419718345466987,0.0011186460136556752,0.0012769428590417812,1124.236802856276,1008.0555381575823,941.317792020483,807.2357744174408
8,2021-01-09,1.000014,1231.8469625262533,0.0008118005161527421,1231.8297169102166,0.0008797559998225206,0.0010001225039296157,0.0010802903264678085,0.0012587019828500543,1160.1011075409228,1048.741752476243,977.6317826316997,823.8865172602948
9,2021-01-10,1.002924,1289.6700000000003,0.000777659401242178,1285.9099991624494,0.0008457238002957399,0.0009596746670773543,0.0010424614608146047,0.0012398375678850395,1202.0374047480984,1091.863251873735,1016.1665596980433,842.0050851780264
10,2021-01-11,1.000252,1091.9570393948777,0.0009160177222304484,1091.68193554712,0.0008691551076073095,0.0009517370407415532,0.0010266559934915852,0.0012271387504083889,1165.2522483477724,1091.8302852688958,1025.6059816791778,851.7963342121086
11,2021-01-12,1.000592,1049.423933809391,0.000953467867240142,1048.8030424082854,0.0008972593608182537,0.0009520517364685693,0.0010175074777101548,0.001216406558911595,1126.4358463679434,1084.0071502033302,1028.5056142703163,859.5220874747038
12,2021-01-13,1.000491,1131.3679539638931,0.000884319726835687,1130.8127249159593,0.0008929461494907316,0.0009397368256262269,0.0010008590088508463,0.0012033835458890104,1127.8948058839487,1092.5172546965355,1041.2940031010216,870.1609360018118
13,2021-01-14,1.00002,1226.5474945012077,0.0008153129042970095,1226.522964041927,0.0008670684010928242,0.0009171142944754601,0.0009776657457816168,0.0011881650893559908,1160.770858603275,1116.8819291229702,1064.4476232186348,884.1359174935811
14,2021-01-15,0.998977,1171.9600846364017,0.0008523984844670974,1173.1602275491846,0.0008621784288842488,0.0009053477835648487,0.0009620073381173018,0.0011749977715172107,1164.9006482519117,1127.1143470186455,1078.0366987599534,895.4702041624284
15,2021-01-16,0.999835,1228.4287279167654,0.0008139137235056146,1228.631452106363,0.0008460901937580375,0.0008887234090086243,0.0009434956362908409,0.001160837612771658,1186.144249536729,1145.5720024891395,1096.8610429282546,908.535351140622
16,2021-01-17,1.000227,1233.0410604568845,0.0008111870983674957,1232.761223659114,0.000834455828627857,0.0008746258979829645,0.0009269570690504227,0.0011471258278930633,1201.6832409108574,1161.4245881564075,1113.848565519612,921.2500912393864
17,2021-01-18,1.000412,1238.157663660039,0.0008079843378287915,1237.647752785891,0.0008256319983615018,0.0008625092506822057,0.0009120854776477188,0.001133826161616033,1213.6714115358686,1175.2833453617682,1129.323463927897,933.6578426725827
18,2021-01-19,1.000769,1374.6841593370073,0.0007279992230962043,1373.6278395284098,0.000793087739939736,0.0008380528820302054,0.0008890746958287795,0.0011179113797132945,1266.9902208667158,1211.3459806647938,1159.8615108779609,950.9115680394779
19,2021-01-20,1.000413,1376.481560638547,0.000726789975694197,1375.9133084421605,0.0007709884851912231,0.0008178232626963858,0.0008687891058119567,0.0011025732854380358,1303.2979167251974,1241.2673129879513,1186.8679855734858,967.5783029572302
20,2021-01-21,1.000697,1117.3352829143755,0.0008956103108011189,1116.5570426556446,0.0008125290937278551,0.0008319663623517918,0.000872141756435602,0.001094457090354235,1241.0509587020133,1218.5927183820772,1178.0791177087556,973.4206064748151
21,2021-01-22,0.999754,1238.2107661835944,0.0008074182742582958,1238.515440982076,0.000810825487238002,0.0008275030736075198,0.0008640513211634387,0.00108320066619361,1240.2057861287008,1222.215031582077,1185.6336581179205,983.816482337845
22,2021-01-23,1.001362,1233.075415183192,0.0008120849606357877,1231.3982507656492,0.0008112453117039307,0.000824699780339932,0.0008575555260974823,0.001072568677740362,1237.2699410076837,1223.8847077972719,1191.3542321988866,993.525571295798
23,2021-01-24,1.000555,1394.892409550959,0.0007172990498400495,1394.1186736870625,0.0007799298910826371,0.0008051723747944989,0.0008400234665653032,0.0010586365354697614,1289.5528519008099,1254.836337959052,1216.6997873849086,1009.2351047229065
24,2021-01-25,1.001454,1319.681655272209,0.0007588602872511944,1317.765624054833,0.0007729066898054896,0.0007967519952411708,0.0008298780691510395,0.0010468806041670725,1298.9571092854844,1266.278026340103,1229.3330169686492,1021.3343407751389
25,2021-01-26,0.999953,1364.5440038722325,0.000732811105513919,1364.6081404548338,0.0007595414950416328,0.000785126378927125,0.0008177446986963994,0.0010345641532394979,1320.8407863419343,1284.1562289064175,1246.2424074044222,1034.7960584096368
26,2021-01-27,1.001102,1248.168542023762,0.0008020567465807366,1246.7945744027702,0.0007737132455546674,0.0007882046275914179,0.0008157837046819414,0.0010254462157234681,1296.1587156955463,1277.3632008148452,1246.3114282792158,1043.109725703485
27,2021-01-28,1.001774,1331.1375107659549,0.0007525698824485574,1328.7802545943046,0.0007666654578526307,0.0007817255830199887,0.0008078819769027684,0.0010147451830460207,1307.0325619951325,1286.711756047474,1256.620031568602,1054.3124915423407
28,2021-01-29,1.001297,1383.0025648064109,0.0007240022726495515,1381.2111339656574,0.0007524443961182711,0.0007712304356799092,0.0007973970138711163,0.0010033435002853748,1331.7587526519742,1303.8934611235072,1272.1939193682338,1067.1320461471767
29,2021-01-30,1.000483,1405.433938811217,0.0007118676818394297,1404.7554419327635,0.0007389188246919907,0.0007604372077089129,0.0007867058473671556,0.0009919130760325926,1356.0909824122373,1322.2320030888266,1288.7641096888,1080.3721793152388
30,2021-01-31,1.00122,1313.5761976343476,0.0007622093044949522,1311.975587417698,0.0007466823179596445,0.0007607594071245564,0.0007836437795081301,0.000982905084991901,1341.385850747391,1320.3672002395303,1291.6655444049125,1089.454665907492
31,2021-02-01,1.000838,1282.8831690072193,0.0007801474243165223,1281.8090130542798,0.0007578373534119371,0.0007642845011594593,0.0007832067351091791,0.0009749538041811018,1321.5269048496875,1313.356620751303,1290.4334779860835,1096.9979736387386
32,2021-02-02,1.000645,1387.2791592524206,0.0007213003910036602,1386.384940965498,0.0007456583659425115,0.0007564692084038594,0.0007754684420959892,0.0009650066115074766,1343.1462502216245,1326.6344971538838,1302.4274108585103,1108.3464821613566
33,2021-02-03,1.001389,1521.4284311154506,0.0006581900137529451,1519.3180982769438,0.0007165022485459895,0.000738600263921875,0.0007608086385531087,0.0009529745880661225,1401.8701995733977,1361.6678791762583,1329.5387467858145,1124.4630161266737
34,2021-02-04,1.000989,1597.3618784806652,0.0006266513640303555,1595.783648452346,0.0006865519537074449,0.0007182459184870532,0.0007440389792377645,0.0009401775988882493,1466.5080158663804,1404.2343826810015,1362.8193594941308,1142.9461781786608
35,2021-02-05,1.000788,1723.18242418671,0.000580778904167585,1721.8256255937422,0.0006512942705274916,0.0006932519158835135,0.0007236314698539921,0.0009260835324286154,1551.613885775501,1461.9782450287726,1407.6951427565823,1165.6473329792523
36,2021-02-06,1.000127,1679.4318884478348,0.0005955150708281106,1679.2186276821192,0.0006327012039610314,0.0006754815804188947,0.0007076169199757568,0.0009131200633462427,1594.1487997443737,1501.47649642029,1441.6355783722745,1185.7873837519137
37,2021-02-07,1.001124,1616.3892045653308,0.0006193582567691151,1614.5744229139757,0.0006282535548970593,0.0006652773397552984,0.0006965845870749266,0.0009015999925000808,1600.9573408009078,1522.0397557827782,1463.2529339399873,1202.6025617582693
38,2021-02-08,1.001241,1752.5997492342551,0.0005712890238843534,1750.4274687455418,0.0006092653778928241,0.0006481885550514901,0.000680922641676105,0.000888646621181817,1650.7807167824526,1563.5647945032806,1499.1497507906815,1224.0858914440446
39,2021-02-09,1.001082,1771.6096188214826,0.0005650691830550931,1769.6948090381034,0.0005945333129469138,0.0006330759419612361,0.0006664409593484785,0.0008759573098827298,1690.4187475343363,1601.0429789641576,1532.967883071609,1245.482319584988
40,2021-02-10,1.001268,1744.5426480586837,0.0005739429764667576,1742.3333693463524,0.0005876698674535285,0.0006223244936895127,0.0006548787114882634,0.0008641136105330838,1707.7236214716752,1626.7321408518292,1559.138568855952,1264.9666744775907
41,2021-02-11,1.000701,1747.250770231345,0.000572728893327374,1746.026805440731,0.0005826895427448104,0.0006133071118054874,0.0006446099842181522,0.0008526867588779579,1720.4913494613606,1648.422079867993,1582.4995984290495,1283.8317776526158
42,2021-02-12,1.000467,1789.6024423417005,0.0005590442750462979,1788.7670881115523,0.0005748077868453062,0.0006034411414856348,0.0006339142705716704,0.0008411713673551478,1743.2499290114247,1673.9393540940946,1608.2830346393623,1303.6331623764956
43,2021-02-13,1.001702,1848.6449277674983,0.0005418574356567747,1845.5038801634598,0.0005638243364491291,0.0005922441040622056,0.0006224071662073085,0.0008294335661120743,1777.3345793954363,1705.1329042885245,1637.9356403298746,1324.8829944465726
44,2021-02-14,1.000803,1803.6695946757604,0.0005548704723715826,1802.2224100804656,0.0005608397150899469,0.0005854488983002741,0.0006139650794778428,0.0008186663859653884,1785.630522957113,1722.7855417052408,1658.4714865486983,1343.6021872165293
45,2021-02-15,1.000787,1806.9228220923665,0.0005538626153612453,1805.501892103281,0.0005585140151803797,0.0005797059377659052,0.000606452271463268,0.000808281924373069,1792.2543126725025,1737.824878141248,1676.850287243021,1361.7159011336569
46,2021-02-16,1.000263,1776.84367184773,0.000562943727604259,1776.3764848322194,0.0005599905859883395,0.0005766582631910604,0.0006010137034808919,0.0007986608186174294,1786.9617033924083,1744.83426117597,1689.2910619416707,1377.9771004943848
47,2021-02-17,1.000341,1785.674192597742,0.0005602035377712077,1785.065485267266,0.0005600615699159622,0.0005736664949329053,0.0005959124327671813,0.0007893095527018913,1786.3296306840277,1752.149029192569,1701.26286485737,1393.9413508776352
48,2021-02-18,1.000362,1850.82886525036,0.0005404940558157342,1850.1591076533896,0.0005535390652158863,0.0005676351423661469,0.0005889851356482504,0.0007795520822357674,1807.6061230071484,1769.9690434581728,1719.8748952068725,1411.8322433002138
49,2021-02-19,1.000045,1939.3249113330376,0.0005156665570353537,1939.2376456389836,0.0005409148958223755,0.000558186308669639,0.0005798203133216384,0.0007692036302671237,1851.4832972177603,1800.745152945593,1747.2952390108862,1432.5148080978129
50,2021-02-20,1.000228,1957.175275700396,0.0005110569361970187,1956.7291414561441,0.0005309622426139233,0.0005496173318564353,0.0005712248911810609,0.0007590802304996686,1886.5652452972217,1829.1058781293295,1773.4744768165435,1453.0722329353946
51,2021-02-21,1.00008,1914.61,0.0005223413645598843,1914.4568434525236,0.0005280886165959103,0.0005446580650752442,0.0005651144503534138,0.0007497963534039908,1895.8624446823226,1844.6242354608191,1791.097272646041,1471.1657470733212
52,2021-02-22,1.000312,1778.3876222515903,0.0005624825473838599,1777.832938374817,0.0005395532601918935,0.000547898880040447,0.0005647854624822196,0.000742450713952221,1856.5192759131542,1832.480363263364,1789.439230862138,1483.1919114380858
53,2021-02-23,1.000168,1779.68,0.0005619931673109772,1779.3810639812514,0.0005470332292315881,0.0005504614777259979,0.0005644364255858143,0.0007353739474172703,1830.80653860252,1822.8259452120706,1788.1819600020272,1494.8071723221315
54,2021-02-24,0.999995,1585.0,0.0006309116719242902,1585.0079250396252,0.0005749927101291554,0.000565088785762051,0.0005727458313781237,0.0007312773875940161,1748.8736674148886,1779.5863051807169,1762.7852056317267,1498.3444567424256
55,2021-02-25,1.000746,1625.3,0.0006157300190734018,1624.0884300311968,0.0005885718131105709,0.0005742962827277511,0.0005781188548400335,0.0007267461182402667,1707.2785882869916,1751.3139642444405,1745.4481086816606,1503.2755929498283
56,2021-02-26,1.000075,1482.518680921737,0.00067457834620891,1482.4075003592102,0.000617240657476684,0.0005925293851788708,0.000590176291261143,0.0007247003232586448,1632.3215589777312,1702.4218799016712,1712.5680326413542,1502.4572363776472
57,2021-02-27,0.99996,1445.2390501886928,0.0006918993780782796,1445.2968620631755,0.0006421268976772159,0.0006105966566151269,0.0006028916771132851,0.0007234140116829442,1569.9799933395461,1655.6718766583083,1679.1591363190819,1500.2156530711973
58,2021-02-28,1.001221,1460.4259366288877,0.0006855678024392842,1458.6449311679319,0.000656607199264572,0.0006242277740377009,0.000613226192779035,0.0007219298466145654,1532.8683059490081,1619.848795660058,1651.594860675188,1498.585428682834
59,2021-03-01,1.002087,1422.393761491446,0.0007045074487315419,1419.4314081426523,0.0006725739490868953,0.0006388240785274901,0.0006246363497730983,0.0007212466153250351,1495.056006680223,1583.409270656893,1622.5744291086212,1495.4813494459643
60,2021-03-02,1.000418,1493.3859657685434,0.0006698991573053611,1492.7619912561984,0.0006716823518263839,0.0006444740928507393,0.0006302942007146312,0.0007192329895203421,1494.291334872215,1566.927947129494,1606.3478743770684,1495.3747079483264
61,2021-03-03,1.00104,1567.86,0.0006384753740767671,1566.231119635579,0.0006606133592431784,0.0006433834167100171,0.0006313168473848982,0.0007160660242088294,1518.2712631266697,1566.8012512215096,1601.3332800343821,1498.1533907595913
62,2021-03-04,1.000398,1539.69,0.000649739882703661,1539.0774471760242,0.0006569888670633393,0.0006445391377997705,0.0006336197267997435,0.0007134649990517641,1525.2066578097879,1561.7605595768757,1593.5513009270876,1499.7582557170983
63,2021-03-05,1.000052,1540.86,0.0006490219747413782,1540.7798794462688,0.0006543332362893522,0.0006453541990618809,0.0006355450077924478,0.0007109378216278274,1530.3977316886148,1557.94589046222,1586.9548732419853,1501.3669468437326
64,2021-03-06,1.000782,1651.6600000000003,0.000605924948233898,1650.369411120504,0.0006381971402708675,0.000638185244365884,0.0006318425003476291,0.0007068196697300262,1570.3882914992446,1574.7501669455444,1594.8816904768,1507.2101807369395
65,2021-03-07,1.000127,1724.79,0.0005798543590813955,1724.5709794856052,0.0006187495465410436,0.0006275796288596133,0.0006253439826893498,0.0007018406379398839,1621.7825208280315,1601.9903146801007,1611.0928516029007,1515.7341336290442
66,2021-03-08,1.000313,1739.33,0.0005751139806707181,1738.7857600571022,0.0006042043579176018,0.0006180404200979959,0.0006190652324370208,0.0006968709651057989,1660.783600571055,1626.8622138395554,1627.0544651596758,1524.4812562340662
67,2021-03-09,1.000419,1871.99,0.0005344147137538128,1871.2059647007904,0.0005809411431963389,0.0006028357462172353,0.0006084839176016197,0.0006905001317194465,1730.9243886143004,1671.2883503597798,1657.5734026023151,1538.0783036249181
68,2021-03-10,1.000681,1876.53,0.0005332613920374308,1875.2529527391848,0.0005650478928100361,0.000590185863639089,0.0005990811019060961,0.0006843339066338773,1779.0339099892622,1708.3728235196713,1684.783346369424,1551.3008388843011
69,2021-03-11,1.0006,1827.04,0.000547661791750591,1825.944433339996,0.0005592525257902211,0.0005824542142048166,0.000592653688136658,0.0006789742158541407,1794.6707511061736,1729.7494798506393,1702.4284822407453,1562.0711759217795
70,2021-03-12,1.000554,1833.58,0.0005456833080640059,1832.5647591234456,0.000554729453214816,0.0005757685949064873,0.0005867823906275764,0.0006737471214309982,1807.302087111931,1748.4431669911496,1718.6955168510826,1572.678767419884
71,2021-03-13,1.000362,1767.79,0.0005658828254487241,1767.150291594443,0.0005584472439594521,0.000573971182277803,0.0005841699449802199,0.0006695171490395365,1793.9181552727684,1751.8444623735666,1724.7523636940027,1580.3051017012392
72,2021-03-14,0.99983,1891.4406692701905,0.000528607646141913,1891.762268855896,0.0005485007113536057,0.0005657232666167321,0.0005772246576254315,0.0006639912861808061,1826.5328598004776,1777.2840635521718,1745.6286018392395,1592.5191082563238
73,2021-03-15,0.999835,1848.412960628658,0.0005409153805435064,1848.7179990985094,0.0005459722677502393,0.0005612127418761455,0.0005726859979901909,0.0006591647800773825,1833.927906233155,1790.272051833324,1758.5147764966482,1602.5661235834682
74,2021-03-16,1.000359,1795.3818350516844,0.00055718453894862,1794.7375242804678,0.000549709691483033,0.0005604803413438681,0.0005707483156099945,0.0006551655549350781,1820.8644455822593,1791.0839559146227,1763.0426199696258,1610.102256944135
75,2021-03-17,1.000037,1812.0,0.0005518967991169978,1811.9329584805362,0.0005504387273610212,0.0005589196973026189,0.0005683918760483699,0.0006511157998049574,1817.8872832150184,1794.8746836538796,1769.1539122834895,1618.0171864161507
76,2021-03-18,0.999031,1829.11,0.0005461842098069554,1830.8841267187904,0.0005490205548429993,0.0005566041541215891,0.0005656159177681931,0.0006470008354913101,1822.2195643829425,1801.421855120227,1776.8701890879022,1626.3649095652738
77,2021-03-19,1.000968,1810.29,0.0005529324030956366,1808.5393339247607,0.0005503245042605451,0.0005559365630259614,0.0005640304784341236,0.0006433118773581465,1817.6594875635487,1802.7159421755969,1780.8288321925095,1633.5090046381947
78,2021-03-20,1.002766,1808.86,0.0005543635217761464,1803.8704942130066,0.0005516708434324122,0.000555650555525995,0.0005628221088518763,0.0006398237065510093,1813.0631564467014,1802.9258607278532,1783.7090399450715,1640.1898473666188
79,2021-03-21,1.002264,1801.1500000000003,0.0005564578186158842,1797.0814076929832,0.0005532665018269029,0.0005557973306332475,0.0005620265725723773,0.0006365544560437495,1807.7359068621288,1801.8632329033312,1785.3805859135605,1646.3424575754957
80,2021-03-22,1.001136,1784.0,0.0005611748878923767,1781.9756756324814,0.0005559026305153942,0.0005567750683167255,0.0005619201119873773,0.0006335983945476173,1799.149163118913,1798.2473133995402,1784.9549721284257,1651.6614073032206
81,2021-03-23,1.001811,1671.9,0.0005992050959985645,1668.8776625531164,0.0005703367856764509,0.0005644896188043325,0.0005665807349887757,0.000632249637741772,1755.7253295969808,1774.7255587001903,1770.4453084315119,1652.3365545679223
82,2021-03-24,1.001024,1584.58,0.0006317282813111361,1582.9590499328688,0.0005908006175546793,0.0005767148301692058,0.0005747241782790707,0.000632229192391551,1698.1365697089436,1739.8589207424955,1747.0095261191814,1649.6158681116458
83,2021-03-25,1.001242,1581.79,0.000632980357696028,1579.8278538055736,0.0006048605309351289,0.0005869449260831734,0.0005820062007061904,0.0006322586498544717,1658.700331074487,1710.7623631176004,1726.1118170799803,1646.879083236898
84,2021-03-26,1.001033,1587.08,0.0006307388411422235,1585.4422381679724,0.0006134866343374939,0.0005949074560939098,0.0005880977807606945,0.0006321990495128149,1634.2809667723154,1687.9768858540317,1708.5281197159793,1644.4697951949793
85,2021-03-27,1.001286,1700.1,0.0005889571201694018,1697.916479407482,0.0006053101296147965,0.0005938255768349083,0.0005882051981867828,0.0006305032875777791,1655.492804317371,1689.7840846819317,1707.2016646774173,1646.5657435954695
86,2021-03-28,1.000503,1713.88,0.0005837649076948211,1713.0183517690605,0.0005981283889748047,0.0005919963642639834,0.0005876501618752876,0.0006286704099353102,1674.6679868012677,1694.0084968795913,1707.9287505638727,1649.1717282297282
87,2021-03-29,1.000639,1684.07,0.000594178983058899,1682.9945664720242,0.0005968119203361695,0.0005923932040448771,0.000588466264523239,0.0006273178049597647,1677.4435133581865,1692.0059640782154,1704.8119775523915,1650.4981140431514
88,2021-03-30,0.999804,1822.18,0.0005486856402770308,1822.5372172945897,0.0005807698269831233,0.000584446374268905,0.000583493686492463,0.0006242341906584811,1725.8080813369877,1715.7389192084652,1719.5276325201662,1657.2447455432077
89,2021-03-31,1.000816,1841.606752554648,0.0005434471819847987,1840.1052266896693,0.0005683289453170151,0.0005769919756717947,0.0005784878734290049,0.0006210660726712778,1763.9071297878818,1738.3509751141385,1734.599831791354,1664.4157448038534
90,2021-04-01,0.999983,1919.717434384797,0.0005209011399745192,1919.7500701359893,0.0005525196768695165,0.0005667936419086536,0.0005712895317471942,0.0006171380360949344,1815.8547765705844,1771.3326287544749,1757.7436115844334,1674.428855601192
91,2021-04-02,1.000615,1968.1301357951293,0.0005084089622944314,1966.9204797001137,0.0005378161053444881,0.0005561782456151587,0.000563429460565599,0.0006128741508478558,1866.2100109470941,1806.8940561991365,1783.8907200988933,1685.899115369777
92,2021-04-03,1.000508,2134.347459740499,0.0004687652872234988,2133.26376174953,0.000514799165970825,0.0005402849804530387,0.0005515964388978365,0.0006072228228625869,1955.2279278812398,1866.2340026628442,1827.562350305223,1703.4428269925124
93,2021-04-04,1.003145,2008.9328414428223,0.0004993422275278938,2002.6345557649418,0.0005096468531565147,0.0005328408435575577,0.0005450646624765936,0.0006029922112808342,1971.0301371758073,1891.0341032268618,1849.4463759876878,1715.1758359639803
94,2021-04-05,1.003438,2078.46,0.0004827795579419378,2071.3387374207473,0.0005006910880849891,0.000523738791627445,0.0005372790244097616,0.0005982779895812696,2004.4663372574541,1923.8167639893863,1877.1829211668203,1729.1430085701281
95,2021-04-06,1.000106,2115.97,0.0004726465876170267,2115.745730952519,0.0004913429212623349,0.0005144492999891871,0.0005291999698106698,0.000593351267935613,2041.5594684891425,1958.712939800865,1907.0032723900326,1744.3038996439475
96,2021-04-07,1.001607,2113.0,0.00047402129673450067,2109.6098569598657,0.0004855690464197236,0.0005070987539428804,0.0005223026356761486,0.0005886716612218439,2064.242931312717,1986.1487429206832,1932.3290954612617,1758.629623460258
97,2021-04-08,1.001883,1967.5,0.0005092162642947904,1963.8021605317185,0.0004934514523780792,0.0005074837558250459,0.0005206668392534789,0.000585555763303136,2030.7626743857174,1982.0857279408713,1936.2632285950688,1766.6756053061977
98,2021-04-09,1.00066,2079.0553381705013,0.0004813051300888158,2077.6840666864878,0.0004894026782816582,0.0005027240056911858,0.0005157466256078961,0.0005814675031770842,2046.4031384859743,1999.467244076438,1953.9408333564961,1778.8720155564051
99,2021-04-10,1.001109,2066.74,0.00048439039259897234,2064.4505243684753,0.00048773191638742957,0.0004993906214926015,0.0005118270964817805,0.000577660557664217,2052.4189337801417,2011.2823859477176,1967.7545447329935,1790.0711727647217
100,2021-04-11,1.000524,2132.08,0.0004692713219016172,2130.9633751914,0.0004815783848921588,0.0004939143852033316,0.0005065076246592601,0.0005734099993990171,2078.6004142505612,2033.0425658102051,1988.1556485402944,1803.4394944285132
101,2021-04-12,1.002161,2150.54,0.0004660043523952124,2145.9027042561024,0.00047638704072651005,0.0004888398337836735,0.0005014447156262542,0.0005691980132420051,2101.034510919075,2053.5625909821865,2007.8740305047704,1816.8694242256736
102,2021-04-13,1.000019,2138.345296465069,0.00046766020513765784,2138.304668676364,0.00047347809553022603,0.0004849889922116707,0.0004972216518151797,0.0005652161384143837,2113.4578968381716,2068.970241472037,2024.1778602762197,1829.4747279296223
103,2021-04-14,0.999235,2301.245808351661,0.00043421480503020806,2303.007609172678,0.0004603903320302201,0.0004757573218150411,0.0004893457959670582,0.0005600788312228474,2176.641134283007,2111.5224901448805,2059.0315788882767,1848.0446448411149
104,2021-04-15,1.001496,2431.9955430449586,0.0004118000967822851,2428.3627124271675,0.0004441935869475751,0.0004641287354454491,0.00047965258356896155,0.0005542639788918449,2260.5483269977276,2169.1298032871146,2105.197970580638,1870.8022161189992
105,2021-04-16,1.001086,2516.645382364011,0.0003977858807662563,2513.915270380378,0.0004287243515538022,0.00045206639823105034,0.0004694192457186234,0.0005481275828869199,2345.0039747919445,2231.818070031344,2156.2876330556055,1896.0223358939552
106,2021-04-17,1.002434,2421.891770182209,0.0004139053661859476,2416.0111989240277,0.0004237846897645174,0.00044512802876830435,0.0004624800107770389,0.0005428639665457052,2368.673049502639,2265.3077298300136,2188.7530787891583,1916.4140560127817
107,2021-04-18,1.011404,2326.18,0.00043479180458949867,2299.951354750426,0.00042745372803951117,0.00044324871528124876,0.0004590189850035964,0.0005386258425474226,2345.7658179185682,2271.606570724634,2202.6528632843165,1931.4547343946501
108,2021-04-19,0.999953,2250.23,0.0004443781302355759,2250.3357657809916,0.00043309519543819946,0.00044345406345476274,0.0004571888781575938,0.000534929853829311,2313.9558005393765,2267.7391516439716,2208.613226096401,1943.9598728803892
109,2021-04-20,0.999936,2170.81,0.0004606280604935485,2170.9489407322067,0.0004422728171233158,0.0004465766083709056,0.00045761877594958813,0.0005320160580122224,2266.2868472703203,2250.140931478196,2203.9051904258768,1952.8614049530095
110,2021-04-21,1.000092,2343.28,0.00042679150592332113,2343.0644380716976,0.00043711238005665094,0.0004429793170167993,0.00045376536719630474,0.0005278896049891282,2291.879377537446,2267.0361144951958,2221.3000963816044,1968.1634846831541
111,2021-04-22,0.999944,2370.46,0.00042183542434801686,2370.592753194179,0.0004320200614871063,0.00043913497289520243,0.0004497741243402688,0.0005237306175130061,2318.117169423024,2285.8645942586472,2239.961678483176,1983.945024624763
112,2021-04-23,0.999946,2414.92,0.0004140700313053848,2415.050412722287,0.00042603671809319913,0.0004345777107879629,0.00044531111271090825,0.0005194302023676093,2350.4282505227784,2309.3529248883997,2261.847770263065,2000.8511182756463
113,2021-04-24,1.000138,2357.94,0.00042415752733318063,2357.6146491784134,0.000425410321173193,0.0004326831319780025,0.0004426669145386923,0.0005156940190329259,2352.8237167413236,2318.12778385022,2273.8186301274836,2014.8418449777155
114,2021-04-25,1.000136,2231.0,0.0004482904527117884,2230.696625258965,0.0004330370316860582,0.0004355208266568726,0.00044336985681032933,0.000513050741922293,2312.114686247204,2302.231209560901,2268.428379518919,2023.3067383220782
115,2021-04-26,1.000155,2318.42,0.0004313950880340921,2318.0607005914085,0.0004324897171354028,0.0004347706923618216,0.0004418730107132997,0.0005098485594168734,2314.0966910286056,2305.1092988391747,2274.6324196529804,2034.865717234601
116,2021-04-27,0.999841,2534.0,0.0003945702446724546,2534.4029700722417,0.0004198498929810868,0.00042746152005466396,0.000435960164958194,0.0005053278411916021,2387.5321173764846,2346.7990572451868,2307.103738455388,2054.4554134243126
117,2021-04-28,1.000163,2667.8621721579093,0.0003748930549853011,2667.427381494726,0.0004048642803158249,0.0004179036173147798,0.00042832677621158245,0.0005002127515364531,2480.830538749232,2405.095116199648,2352.144193835305,2078.493529819231
118,2021-04-29,0.999814,2750.2618251777885,0.0003635341154965738,2750.7734690430307,0.00039108755870940787,0.0004080182533478333,0.00042022769362220634,0.0004948528050250853,2570.8115155138316,2467.945725807536,2401.9728532362706,2104.857449004478
119,2021-04-30,1.000044,2758.439058789445,0.00036253982005274906,2758.3176928109615,0.000381571645823855,0.00039974944729418154,0.0004130167094260242,0.0004896640605163662,2633.313574612875,2520.740628899068,2446.5159581831067,2130.4833409184575
120,2021-05-01,0.999871,2776.4438924203214,0.0003601264922837602,2776.8020998912075,0.0003744232613104901,0.00039254527365592307,0.0004064054322832412,0.0004845841558797935,2681.143083038986,2567.2972599885475,2487.8017258966192,2155.8291746036634
121,2021-05-02,0.999912,2948.92,0.0003390773571341372,2949.179527798446,0.0003626412932517058,0.0003828238342883256,0.0003979894228896032,0.0004788780069093756,2770.4885646254725,2636.730399590347,2545.4739511343473,2186.940953160322
122,2021-05-03,0.999959,2951.6863803228102,0.00033877549006091896,2951.8074044263917,0.00035468602552144357,0.00037481504442879714,0.00039058768128601764,0.0004733837905623773,2830.928177892446,2694.017127742355,2596.265632795853,2216.93571595507
123,2021-05-04,0.999931,3432.945037039985,0.00029127498087245184,3433.18192659292,0.00033354901063844633,0.0003596259419640071,0.0003781735937343219,0.0004662422686137528,3031.6794274592708,2828.4107275333668,2700.880169520486,2264.6316457840053
124,2021-05-05,0.999983,3240.640744598555,0.00030857570425439927,3240.6958364277743,0.00032522457517709735,0.0003503440805622602,0.00036947385754933156,0.0004600592660898566,3101.3515637821056,2903.371656423259,2768.357127883897,2302.908672868075
125,2021-05-06,1.000069,3529.070382265696,0.00028338029329920774,3528.826893210064,0.00031127648121780083,0.00033816884651443246,0.0003587121620180661,0.00045313067892159586,3243.843340258092,3017.0907903844964,2863.415848549668,2350.983897195212
126,2021-05-07,1.000048,3492.459978134096,0.0002863448704526865,3492.2923481013872,0.00030296594429609605,0.0003287463054122968,0.0003496662505723936,0.00044659005898163866,3326.659676205857,3103.491073605749,2942.025410993633,2395.7410913483955
127,2021-05-08,0.999949,3484.200222728871,0.000286995274690852,3484.377926003097,0.0002976423877610147,0.0003211552089174886,0.0003418323785872009,0.0004403314399898431,3379.232426138271,3172.743228587085,3009.8194753698162,2438.4327319230897
128,2021-05-09,1.000168,3917.2352494166735,0.00025532497700998113,3916.5772644362482,0.00028353658417733685,0.0003091860758433963,0.0003310189533900484,0.00043307628457886813,3558.347372237597,3307.98578055966,3123.1641990031203,2496.3991841785078
129,2021-05-10,0.999801,3922.96,0.0002548588310867304,3923.74082442406,0.0002739773331471347,0.00029930839497854794,0.00032149893810213366,0.00042608736483407844,3680.1451896330846,3419.9412430804596,3223.236277180738,2552.373366148922
130,2021-05-11,0.999813,3946.960000000001,0.00025331216936579033,3947.6982195670603,0.00026708894522001995,0.00029094544486713746,0.00031297559201009075,0.00041931186697257697,3769.32953294441,3515.8970569871144,3313.7940199790282,2607.0919878515942
131,2021-05-12,1.000067,4172.33,0.0002396902929538172,4172.050472618334,0.00025795606113128574,0.00028162632633744284,0.00030381492962805657,0.0004122678836777237,3903.5698461690517,3635.1976780109726,3421.0760765589416,2668.462908822839
132,2021-05-13,0.99992,3825.0,0.0002614169934640523,3825.3060244819585,0.00025910970524220794,0.00027795190217864453,0.000298515187607556,0.0004063521624928738,3877.481905606687,3669.762831914788,3471.6048200493187,2713.8293055153536
133,2021-05-14,1.000096,3708.95,0.0002696439693174619,3708.5939749784015,0.0002626211266006259,0.0002764413689311568,0.00029490628532129426,0.0004009910568781518,3821.1859287305924,3676.8230397445354,3501.2284644154543,2752.839684709983
134,2021-05-15,0.99996,4094.99,0.00024419107250567154,4095.153806152246,0.00025647777523564116,0.00027057767867197765,0.00028856688371934144,0.0003948420378831526,3912.5085545378106,3752.883179091392,3575.4691321325536,2805.479454178307
135,2021-05-16,1.000124,3627.19,0.00027572969709334225,3626.7402842047586,0.00026289508252154154,0.0002715144092940439,0.0002869622353910916,0.00039017096569531686,3817.2524644267937,3729.9481072938224,3581.8780261415795,2837.685761238168
136,2021-05-17,0.999851,3588.29,0.00027864275184001294,3588.824734885498,0.0002681443056276987,0.00027281047157512916,0.00028592229994720675,0.0003857973102500108,3741.1098879130286,3704.2893123104905,3582.746364734569,2867.1421915772794
137,2021-05-18,0.999983,3283.29,0.0003045673699246792,3283.345816878887,0.00028028532706002556,0.00027858445309322913,0.0002882529336943908,0.0003826118223941154,3588.521864234982,3627.7541313229262,3545.3212962526086,2883.4639023734208
138,2021-05-19,1.00062,3386.3124927371355,0.0002954895633956112,3384.2142798836076,0.00028535340583855413,0.00028165810951184404,0.00028915751240704335,0.00037919526321770347,3520.4193361178573,3583.474158333959,3525.1829192064833,2903.1011720797023
139,2021-05-20,1.001725,2442.614147126982,0.00041010365930216,2438.4078935106763,0.00032693682365975607,0.000305011845837356,0.0003042757807689329,0.00038040735718179985,3159.7488552487976,3375.2802920024533,3389.3360409945076,2884.8779062534663
140,2021-05-21,1.001907,2774.514775741053,0.000361110709793354,2769.2338467952145,0.0003383281190376221,0.000315211639283901,0.00031138014689698556,0.00037965062591166477,3029.5771857642703,3265.090029237501,3311.8232667195957,2880.342845098241
141,2021-05-22,1.001962,2441.27,0.0004104265402843602,2436.4896073903,0.0003623609261198681,0.00033252343946580266,0.00032376094607040743,0.0003808575245145156,2831.8813263062802,3114.4354070834643,3202.406559303434,2862.936835776361
142,2021-05-23,1.001569,2289.32,0.0004374962871070885,2285.7336838500396,0.00038740604644894156,0.0003516094117642182,0.00033797786369999254,0.0003830786524593224,2649.8321121542003,2963.762366495569,3087.82244987176,2840.3014180537607
143,2021-05-24,1.001623,2115.75,0.00047341273779983456,2112.3217018778523,0.0004160749435659059,0.0003737554710434212,0.0003549072229624728,0.0003866211656099307,2470.661975395418,2808.9549729287114,2965.8848563725214,2811.7531938899997
144,2021-05-25,1.001424,2635.6,0.00037996054029443017,2631.8522424068124,0.0004040368091420807,0.00037488366545269556,0.0003580388876289675,0.000386359964617166,2524.392064399216,2776.7544764701843,2924.1307796268075,2804.698254616149
145,2021-05-26,1.001113,2704.02,0.0003702313592355086,2701.013771672129,0.00039276832583989,0.00037403779159502523,0.0003595629465797851,0.0003857274702884735,2583.2659668235206,2762.983439234174,2896.2411536324726,2800.6321964614817
146,2021-05-27,1.001789,2873.66,0.00034861083078721914,2868.528203044753,0.0003780491608223331,0.00036941470781178773,0.00035819393210571437,0.00038427191579822826,2678.353378897265,2782.173396290643,2892.7770348090075,2803.294784954943
147,2021-05-28,1.000907,2730.02,0.000366629914799159,2727.5461156730844,0.00037424274548127507,0.0003689083818094916,0.00035924842994239495,0.00038358007262179417,2694.750957822538,2772.241163451087,2872.123169917017,2800.3242489046743
148,2021-05-29,1.0005,2406.28,0.000415787023953987,2405.077461269366,0.0003880908383055124,0.000377431771290309,0.00036631575419384397,0.0003848430903210958,2598.1931256381476,2705.484126690774,2813.742456336061,2784.82437487976
149,2021-05-30,1.000372,2284.03,0.00043798549055835517,2283.1806567956723,0.00040472238905646005,0.00038844153842995373,0.0003752744712394079,0.0003869271060166746,2493.1889693573225,2628.701677618937,2747.4222313935124,2765.1520722097957
150,2021-05-31,0.999986,2373.63,0.0004212897545110232,2373.663231285238,0.0004102448442079811,0.0003944139413537845,0.0003810263816483598,0.0003882746608595903,2453.347056666628,2582.33105101281,2700.702356379978,2749.799568644127
151,2021-06-01,1.000478,2726.78,0.00036690822141866963,2725.477221887938,0.00039579930327821066,0.0003894129013655818,0.0003792616116196486,0.0003874367612736719,2544.057111740398,2608.3576275355604,2703.799214568473,2748.845751124276
152,2021-06-02,1.000071,2643.82,0.0003782674312169512,2643.632302106551,0.0003899553459244575,0.0003873864522476489,0.0003791373390693114,0.00038707717970282006,2577.248841862449,2614.7712047302857,2696.2783505107327,2744.7197335157375
153,2021-06-03,1.000365,2706.64,0.0003695966216415925,2705.652436860546,0.0003831691044968359,0.00038415193759200225,0.00037794474939084654,0.0003863916676219876,2620.050040195148,2631.295065117605,2697.4501113044594,2743.187682666515
154,2021-06-04,1.000455,2856.0576878323773,0.00035029229425659873,2854.7587725908484,0.00037221016775009023,0.00037799563880374704,0.00037448819249906554,0.0003849760059213842,2698.286284327048,2671.92483011274,2717.113693965258,2747.5630195262925
155,2021-06-05,1.001146,2690.896727759603,0.00037204920934797006,2687.8164900619918,0.0003721565149493835,0.00037691446981178757,0.00037418331960517863,0.0003844690727224268,2694.7963529053627,2674.8142228307856,2713.45154347735,2745.2200183708296
156,2021-06-06,1.00047,2629.885236139958,0.0003804234444345756,2628.649770747707,0.0003749121581111142,0.000377552465197749,0.00037496333520885326,0.00038431042063270717,2672.7474921861444,2666.420686088408,2702.8513218861444,2740.648636111099
157,2021-06-07,1.000853,2718.68,0.00036813931761001665,2716.362942410124,0.00037265454461074836,0.0003758409838181613,0.0003741103330089987,0.00038367625972985655,2687.285975594138,2675.5010963287195,2704.540274451642,2739.6962559659632
158,2021-06-08,1.000729,2606.991436097317,0.0003838635548025036,2605.092323793272,0.00037639088134133346,0.0003772996330880417,0.00037532948573318684,0.00038368360463466623,2659.8880916605162,2662.6995013222745,2692.1092806193456,2734.4176703905637
159,2021-06-09,1.001213,2509.0481454222386,0.0003990409677178632,2506.008357284852,0.00038394091013351005,0.00038125260302073643,0.00037829342098127136,0.00038428585416734064,2608.5948468686283,2634.2102024063793,2668.846665202534,2725.460442425634
160,2021-06-10,1.000532,2610.6339384404746,0.0003832525063233078,2609.2458196644134,0.00038371144219677595,0.0003816162218030221,0.00037891330664902587,0.00038424533072247666,2608.8118378005565,2629.6712237260217,2661.396559510269,2720.9030062389193
161,2021-06-11,1.000764,2470.997378945105,0.00040500407184860583,2469.1109781577925,0.0003908089854140526,0.0003858685581749464,0.00038217465229897334,0.0003850593990019327,2562.244884586302,2600.4784518045253,2637.360861841209,2711.0288090592676
162,2021-06-12,1.000485,2354.813968328313,0.0004248679570684925,2353.6724371962728,0.00040216197596553257,0.000392959357973773,0.0003875113153951632,0.00038662051892611156,2492.7207354562925,2555.6046309666613,2601.899808760592,2697.0148336920915
163,2021-06-13,1.001137,2370.7244163315536,0.0004222915970761182,2368.031963988499,0.0004088718496690611,0.00039829249235601757,0.0003918588506052826,0.00038801938473591573,2451.1578116336946,2521.5005096979044,2572.6663281640804,2684.1135446841076
164,2021-06-14,0.999695,2515.99,0.00039733663488328655,2516.7576110713767,0.00040502677807380293,0.00039811870008824826,0.00039254357364003307,0.00038838476709463616,2473.0244114462553,2520.6381644930807,2565.6777385274927,2677.550566895373
165,2021-06-15,1.000465,2582.48351174172,0.00038740421592285413,2581.2832150467234,0.0003991525906901533,0.0003961706120581766,0.00039190115392538573,0.00038834631410750744,2509.110679313078,2531.6645373210154,2567.6284230923966,2673.7753766267983
166,2021-06-16,1.000388,2543.37232026788,0.00039333132315233916,2542.385874548555,0.00039721216817754863,0.00039565437771166067,0.00039207992507875496,0.00038854180465828516,2520.202411058237,2533.613871362386,2564.4731045244166,2668.622847133534
167,2021-06-17,1.000112,2367.73,0.00042239275593078596,2367.464843937479,0.0004056056974286278,0.00040051590102422886,0.00039586902893525884,0.00038986929294348126,2469.2898886846515,2503.40495728513,2539.8470719510497,2656.8127293611396
168,2021-06-18,1.000704,2371.14,0.0004220349705205092,2369.471891788181,0.0004110821217925883,0.0004044284591144616,0.0003991397716334151,0.000391130692064149,2436.017223052495,2479.0534908311392,2518.5501744306907,2645.5444612210235
169,2021-06-19,1.001646,2225.42,0.0004500930161497605,2221.7629781379846,0.000424085753244979,0.00041273110584815224,0.00040550892719795834,0.0003934429400675063,2364.599141414325,2432.273397614202,2481.4517748941025,2628.9255795314925
170,2021-06-20,1.001548,2158.15,0.00046407710307439247,2154.8143473902396,0.00043741620318811687,0.00042206674170746863,0.0004128299491825126,0.00039621290724424697,2294.6708767396303,2381.8262975734815,2440.6220964561194,2610.33298219262
171,2021-06-21,1.000914,2257.07,0.0004434572255180389,2255.008921845433,0.0004394298772980909,0.00042595592058211775,0.00041665835872445344,0.00039806562560792513,2281.4502251082313,2358.7685928956544,2417.420449629784,2596.3987053162596
172,2021-06-22,1.000156,1893.57,0.0005281853852775446,1893.2746491547316,0.0004690150466245755,0.0004445430959812862,0.0004305992370435899,0.00040316836128124356,2152.058366457065,2274.1333303973047,2351.9022245704027,2568.825212917768
173,2021-06-23,1.000962,1871.62,0.0005348104850343553,1869.8212319748402,0.0004909468594278355,0.00046095534853638967,0.00044362564304243555,0.0004083307975068558,2057.9793216296566,2200.6220397750385,2291.6421004959575,2541.413292096477
174,2021-06-24,1.000726,1972.6,0.0005073131907127649,1971.1689313558356,0.0004964023031894787,0.0004693840471139124,0.00045158658650122673,0.00041221245998551893,2029.0425248717163,2158.9032927897288,2251.5829543534423,2519.050768145864
175,2021-06-25,1.000093,1989.1746857333203,0.0005027678097719759,1988.9897096903194,0.0004985241387169778,0.0004754538221426512,0.00045798423941007037,0.00041576365017322313,2015.6915864779173,2128.0099140443817,2218.758798770552,2498.264059971137
176,2021-06-26,0.999855,1809.536755472875,0.0005525474942556302,1809.7991763534462,0.0005165319238965286,0.00048947085343592,0.0004698046462657653,0.0004211277224901803,1947.0607831030939,2070.153416282393,2167.6388459684135,2471.2654370841688
177,2021-06-27,1.00126,1830.648269855448,0.0005469428597985465,1828.3445557152468,0.0005266689025305346,0.0004999203091382157,0.00047944692295736295,0.0004260616494434496,1907.488707307145,2026.1881689065483,2125.227059686768,2446.0528535010735
178,2021-06-28,1.000689,1983.3147620708844,0.0005045538001013653,1981.9491990727233,0.0005192972017208114,0.0005007627620406065,0.00048258528260036325,0.00042913977299866197,1932.3088712290046,2018.1447198458527,2107.3173271100122,2427.852710190158
179,2021-06-29,0.999951,2083.55393099078,0.00047992566217112476,2083.6560301362565,0.0005061733552042492,0.0004969741984279733,0.00048225283004670847,0.0004311313764956213,1982.7579241980889,2030.0558671713804,2104.3596649882925,2414.3548011684366
180,2021-06-30,1.000053,2166.935246988732,0.00046150571475992065,2166.82040550724,0.0004912841417228064,0.0004905253832156001,0.00047965944063586,0.00043232252701578996,2044.1120846344727,2054.9221468688093,2112.167257553161,2404.647569966037
181,2021-07-01,1.000201,2276.454652261812,0.00043936785606786956,2275.9971768292694,0.0004739787131711608,0.00048122401464328543,0.0004746229925648612,0.000432598814429597,2121.4071153660716,2095.11760686162,2132.6459974626746,2399.602456509693
182,2021-07-02,1.000301,2107.1780762722456,0.0004747111842439092,2106.544006526281,0.0004742228701954103,0.0004800398636615806,0.0004746340165247422,0.0004342502799125112,2116.4527457528084,2097.1951340733763,2129.3832485956254,2388.1099682750496
183,2021-07-03,1.000046,2159.59,0.0004630721572150269,2159.4906634294825,0.00047050596586861585,0.00047695482612584354,0.00047318878411102777,0.0004353805496106491,2130.7987183116998,2108.5215939563045,2133.1466754498574,2379.1445053399293
184,2021-07-04,0.999987,2225.09,0.0004494141809994202,2225.1189265460453,0.0004634753709122173,0.00047194743610285745,0.00047021695872207685,0.0004359308880964833,2162.2387877231486,2129.7211089726206,2144.643206836881,2373.1042865636987
185,2021-07-05,0.999426,2317.36,0.0004312778333966237,2318.6909285930124,0.0004527428584070195,0.0004645529628835422,0.0004653495680563952,0.0004357484153631555,2214.3895013464366,2164.07925799451,2166.399172056397,2370.9704293883774
186,2021-07-06,1.000728,2201.93,0.0004544776627776542,2200.3281610987196,0.0004533211265305645,0.000462721090137017,0.0004639905798965526,0.00043648289565392014,2209.702387930531,2170.6699676498206,2170.6402956866878,2364.27857572996
187,2021-07-07,1.000022,2317.8,0.0004314531020795582,2317.749009521791,0.00044603178504689576,0.0004570360013992972,0.0004599233951694283,0.00043628564884708247,2245.717928460951,2197.4116116265423,2189.0288849160756,2362.453886859051
188,2021-07-08,1.000628,2316.82,0.0004318971693959824,2315.365950183285,0.00044132024649659135,0.00045246530467142176,0.00045642011694774757,0.000436113551613706,2268.9339357017293,2218.8578550004954,2204.821018074477,2360.6073011070607
189,2021-07-09,0.999897,2116.96,0.0004723268271483637,2117.178069341142,0.00045165577338051547,0.00045607649057632026,0.0004584084557228246,0.00043753368006604556,2218.348646914867,2200.3706212442494,2193.86564948281,2351.0610567240838
190,2021-07-10,0.999733,2147.1,0.0004656201387918588,2147.673428805491,0.00045631056185096324,0.0004578116993427818,0.0004593099161064539,0.000438635109819999,2194.7902408784084,2190.7893135281115,2188.091621898145,2343.0850713155114
191,2021-07-11,1.000051,2115.97,0.00047262059480994537,2115.862091033357,0.0004617472395039573,0.000460504225791357,0.0004609737509443903,0.00043996787393725187,2168.4808575967245,2177.166182165429,2179.0629305400466,2334.1743662064073
192,2021-07-12,1.000234,2139.16,0.0004675826025168758,2138.6595536644422,0.00046369236050826346,0.00046179120337781494,0.00046179985739095103,0.00044105080446978616,2158.5404229526303,2170.164976983431,2174.012508430596,2326.507118655742
193,2021-07-13,1.00036,2030.937309025076,0.0004925607479633181,2030.2064347085811,0.00047331515632661504,0.00046738566602972455,0.0004656449687124969,0.0004430708022538462,2115.7624268712807,2144.717969297095,2156.036749215344,2314.8874839911477
194,2021-07-14,1.00002,1940.3789410867064,0.000515373558651353,1940.340134284021,0.0004873346237681944,0.0004761107374154751,0.00047186104245485394,0.00044590620446551313,2057.288329342194,2107.5583629310813,2129.0746723489287,2300.1993526300844
195,2021-07-15,1.000124,1994.2472409090424,0.0005015045173356295,1993.9999849109133,0.0004920579216240061,0.0004807277883100486,0.0004755664768149509,0.00044808653046041967,2036.1922145317671,2086.9113851092325,2112.1903364191767,2288.191534288156
196,2021-07-16,0.999954,1921.8790793988408,0.0005203001638962548,1921.9674899033762,0.0005014720023814224,0.0004879227656893588,0.00048115818770011384,0.00045091843765398187,1998.1173063223036,2056.921585980895,2088.4124806047016,2273.8298070573805
197,2021-07-17,1.000366,1877.1800321006583,0.0005329089287619049,1876.4932355764372,0.0005119509778415833,0.0004961020680661854,0.0004876270303328377,0.0004541337510307632,1957.5759494070148,2024.1164313619026,2061.9225749761686,2258.2479807247946
198,2021-07-18,1.000558,1900.009304840352,0.0005266068947404822,1898.9496909128225,0.0005168362834745496,0.0005016484001887847,0.0004924995133837932,0.000456975835097811,1938.033863242284,2001.3588421893423,2041.5509644682504,2244.1578517125604
199,2021-07-19,1.000645,1889.0524842584505,0.0005297073577036184,1887.8348307925892,0.0005211266415509059,0.0005067500288278454,0.0004971504939237714,0.0004598280516705878,1921.3008524257193,1980.7181128444781,2022.336447758793,2230.1843999117773
200,2021-07-20,1.000111,1818.8980247707404,0.0005498444587766579,1818.6961494981463,0.0005306992472928233,0.0005145853797276295,0.0005037372395303822,0.00046335810685121806,1887.0992847831951,1951.2595740542358,1996.881410476212,2214.047605777909
201,2021-07-21,1.000292,1791.5800000000002,0.0005583295191953471,1791.0570113526853,0.0005399093379269979,0.0005225388596308508,0.0005105612744885028,0.00046708247596275257,1855.085193639692,1922.1318353812264,1971.1533605857712,2197.4597393298613
202,2021-07-22,1.000208,1993.4400000000005,0.0005017497391443935,1993.0254507062537,0.0005271894716661297,0.000518759019542404,0.0005094598325704891,0.00046844197647967966,1901.065279328546,1935.0215836221405,1973.8873718508316,2189.4427084034455
203,2021-07-23,1.000265,2024.75,0.000494019014693172,2024.2135834003989,0.0005161326526751438,0.0005142608368425436,0.0005075297303358244,0.0004694449975860911,1942.1147140191638,1951.238310854551,1980.1781482945275,2182.9631348739144
204,2021-07-24,1.000295,2113.34,0.00047332421664284967,2112.7167485591754,0.0005018631739977125,0.0005068178149880538,0.0005032540411242025,0.00046959712382361107,1998.9820588658345,1980.5980268008461,1996.7454733276086,2180.208374626278
205,2021-07-25,1.000692,2184.86,0.00045801195499940494,2183.3491224072945,0.0004872461009982767,0.0004979440222628449,0.0004975987803586029,0.00046914280347756375,2060.437746712988,2017.461862365655,2020.0709294625694,2180.3315412059255
206,2021-07-26,1.000184,2192.9093564210693,0.0004560991073668211,2192.505935328969,0.0004768637697877915,0.0004903358559181132,0.0004924113212346301,0.0004686312859830248,2104.4604762516483,2049.2880574498936,2041.6253051958693,2180.808968426437
207,2021-07-27,1.000104,2228.519063846901,0.0004487751602508647,2228.2873219654166,0.00046750089994214926,0.00048277936579679527,0.0004869568011116595,0.0004678526143856852,2145.736091489571,2081.833378270898,2064.9580572920627,2182.670864643652
208,2021-07-28,1.000085,2300.6418371592904,0.00043469825848027323,2300.446299223857,0.00045656668612152395,0.0004740373462847003,0.0004804244832827362,0.00046655244356586515,2197.3061607343334,2121.5811820805266,2094.394087533537,2187.2895091369933
209,2021-07-29,1.000073,2300.521332787003,0.0004347158123452156,2300.3534069882926,0.0004492830615294212,0.0004668879764775212,0.00047471089941554615,0.0004653039482238789,2231.6552428189866,2154.0852229728475,2120.1390024653815,2191.723387484103
210,2021-07-30,1.000299,2386.87,0.0004190839886545979,2386.1565391947806,0.00043921670390448015,0.0004581963423278988,0.00046775753557042765,0.00046349140078978944,2283.1556749442516,2196.280007740472,2153.3911945565565,2199.3482169629533
211,2021-07-31,1.000385,2453.930753674074,0.00040766635264756506,2452.9863539278117,0.0004286999201521751,0.000449009071476929,0.0004602461377050698,0.0004613021832155846,2339.765901272105,2242.9538888654424,2190.8405894779635,2209.2948105694186
212,2021-08-01,1.000449,2524.01,0.000396372835289876,2522.8772281245724,0.00041792422519807543,0.0004394388467156466,0.0004522619749031706,0.0004587559342773215,2400.8030102229277,2293.8490414580115,2232.3451693087895,2221.592160277464
213,2021-08-02,1.000393,2562.69,0.0003903683239096418,2561.6832584794174,0.0004087389247685976,0.00043051693347819116,0.0004445252685289795,0.00045607406720407916,2454.4297596417578,2342.5461718255397,2273.512430455118,2234.9290660893053
214,2021-08-03,1.000576,2607.414173261105,0.0003837426406057212,2605.913167276754,0.0004004068300476388,0.0004220125165922875,0.0004369274400385722,0.0004532375406708102,2504.9242288534233,2390.431080089397,2315.062522557823,2249.477462214303
215,2021-08-04,1.000289,2512.638096994073,0.0003981030937947924,2511.9121543814567,0.0003996389179633567,0.0004176653488109247,0.00043207439675809975,0.00045107540549920165,2507.253537362768,2412.5185481424983,2339.6687265357773,2259.7690187698777
216,2021-08-05,1.000125,2727.4078131495626,0.0003666943370837796,2727.0669297833397,0.0003886573910034977,0.0004083978921332619,0.00042390188929880974,0.00044776634399271457,2580.5246681696253,2469.7091629862875,2388.0935019417225,2278.0944270449154
217,2021-08-06,1.000077,2829.048483072888,0.00035350295549326367,2828.830663111828,0.00037693924583341966,0.0003984169945623531,0.0004151020225731165,0.0004440697405221479,2663.29333315036,2535.003981190931,2443.1856470879857,2299.69192649852
218,2021-08-07,1.000336,2891.1932377973944,0.00034599416840158653,2890.2221231640115,0.00036662422002280864,0.0003888855716240319,0.0004064635408016752,0.00044022363965467493,2738.9362631549106,2599.589097913309,2499.0652065974887,2322.8499734265783
219,2021-08-08,1.000538,3158.3,0.00031679637779818254,3156.601748259437,0.00035001493928126664,0.00037577844547387746,0.0003952551454262386,0.000435383354875989,2878.158091523086,2700.864125248969,2581.257274305232,2355.5461214592397
220,2021-08-09,1.000114,3021.0,0.00033105395564382654,3020.655645256441,0.00034369461140212,0.00036764672005023185,0.0003872299967034371,0.00043129200588649247,2925.657276100871,2759.0080379776,2636.182070674133,2381.6288478826596
221,2021-08-10,1.000172,3150.6,0.0003174544531200407,3150.0581899913213,0.0003349478919747602,0.0003585208533356516,0.0003785080537555126,0.00042682778813094534,3000.457580731021,2830.108065616458,2700.4165855887813,2411.763331886921
222,2021-08-11,1.000275,3141.682338364621,0.0003183883321955095,3140.818613245978,0.00032942803871501003,0.00035122403131017117,0.0003709930885605122,0.00042257526044720277,3047.2445915693406,2886.600892458189,2755.466839045931,2440.3537350774727
223,2021-08-12,1.000515,3162.66129009663,0.00031635224522238704,3161.0333579173025,0.0003250694408841357,0.00034488370656693765,0.0003641629831432465,0.00041840965200701393,3085.1741803519944,2936.4977043598456,2806.1626539048525,2468.615681071192
224,2021-08-13,1.000653,3048.0692509121427,0.0003282907695422445,3046.0801605672923,0.00032614321710350535,0.00034186680892608434,0.00035967895644312126,0.00041487557818486613,3072.1428404237604,2956.4217873066536,2836.1523422376576,2491.261346933784
225,2021-08-14,1.000186,3319.8172492519734,0.0003012774273118087,3319.1998780746517,0.00031785462050627316,0.0003344869213598524,0.0003523787653017072,0.00041042074873886387,3154.495186307391,3022.3814401735626,2896.533284217282,2523.7295246255826
226,2021-08-15,1.000689,3272.6877791147454,0.0003057697732078445,3270.434449778848,0.00031382633807346366,0.0003292656216958509,0.0003465526412899744,0.00040631678891411805,3193.1416074645435,3067.4819873745237,2943.2709299124776,2553.012070710024
227,2021-08-16,1.000568,3317.24,0.000301626653483016,3315.3568772936974,0.00030975977654331446,0.00032424035474806274,0.0003409368928141046,0.000402211293407016,3233.8800307409283,3112.5501491780096,2989.78167333513,2582.9079454780117
228,2021-08-17,1.000387,3144.49,0.0003181396665277994,3143.2735531349367,0.0003125530732048095,0.00032313113870801485,0.00033808723952831644,0.000398914366862733,3203.6778715389314,3118.1362226247234,3008.968158310106,2604.8830673469106
229,2021-08-18,1.000164,3011.01,0.0003321689399902358,3010.516275330846,0.0003190916954666183,0.00032477437530478227,0.00033734745208605636,0.00039629689914224295,3139.2906728029034,3098.568959480382,3009.1616729376988,2620.7902519737313
230,2021-08-19,1.0005,3024.53,0.00033079519793157943,3023.018490754623,0.0003229928629549387,0.0003258690703278363,0.00033652842031674674,0.00039372820497711886,3100.53327878681,3084.832510621153,3010.8937751648145,2636.5639083965116
231,2021-08-20,0.999778,3184.998503409503,0.0003139021883149237,3185.7057300815814,0.00031996263807493373,0.0003236932735982158,0.00033370014131651885,0.0003905977729511505,3128.924095885068,3103.173095977594,3032.7452695294105,2658.098881795926
232,2021-08-21,1.00059,3285.493668833158,0.0003045478399461836,3283.556370574519,0.00031482437203201707,0.0003202122856614827,0.0003300561036452269,0.0003872232657744851,3180.4681874482185,3135.9700549952167,3064.096657160049,2682.6266264539104
233,2021-08-22,1.000669,3224.0524288883166,0.00031037615611761006,3221.896979808824,0.0003133416333938814,0.00031842389847168764,0.0003275961102042748,0.0003842096536310783,3194.277784901754,3151.5931322340543,3083.821697491146,2703.774483448221
234,2021-08-23,1.000872,3238.999045290467,0.0003090065745636068,3236.177098860261,0.0003118966137837899,0.0003167116577611275,0.0003252724182491913,0.00038126051327549114,3208.2442228879236,3166.972035257001,3102.8661226622858,2724.653017385948
235,2021-08-24,1.000764,3325.1786494322564,0.0003009654835149598,3322.6401523558566,0.0003082529036941799,0.000313848716989097,0.00032223405140741236,0.00037811168857899974,3246.376199377235,3195.275329274975,3130.337876373982,2748.103493267121
236,2021-08-25,1.000429,3177.16541061058,0.0003148809931830839,3175.802991127386,0.00031046226685714793,0.00031403640356982183,0.0003213149191293713,0.00037563205346543443,3222.8517966272857,3191.734904157231,3136.0210157181573,2764.8760225949745
237,2021-08-26,1.000233,3231.3135250448368,0.00030954377910021003,3230.560804377417,0.000310156104271502,0.00031321956275716514,0.00031984352662572615,0.00037304035643150404,3225.42146587733,3198.794158742719,3147.8384893005646,2783.1381709001685
238,2021-08-27,1.000399,3084.817942340545,0.0003242975821260191,3083.587590891779,0.00031486993022300774,0.0003152337480969568,0.00032040028356326275,0.00037112887508619093,3178.143507548813,3177.8475100425476,3139.8071269994666,2794.920501095918
239,2021-08-28,1.000405,3270.666681176265,0.0003058718902044196,3269.3425974243078,0.00031187058355014506,0.00031353159211649546,0.00031858423439340736,0.00036856977763984695,3208.543204173978,3194.482980475595,3155.999060802572,2813.5252891872274
240,2021-08-29,1.000575,3247.583009530734,0.00030809836024624975,3245.7167224153454,0.00031061317578218,0.0003125437317764507,0.00031727350012501266,0.0003661983495067647,3220.934376921101,3203.7982062828223,3167.2137685041685,2830.4739728432323
241,2021-08-30,1.001098,3228.658733998249,0.00031006621711309764,3225.1175549229433,0.0003104308562258192,0.000312093274564932,0.00031637258974852333,0.00036399708941289545,3222.328769588382,3207.674451490117,3174.4517418065157,2845.950191748319
242,2021-08-31,1.000618,3227.239908228629,0.00031005380091163424,3225.2467057644662,0.0003103051711210909,0.0003117224611734233,0.0003155827411439122,0.0003618816663344146,3223.3014149804103,3210.8694068127256,3180.8011123012593,2860.8245648469915
243,2021-09-01,1.000632,3406.227273299599,0.0002937654829563653,3404.075897332485,0.00030479194173284904,0.0003084575560430491,0.0003128555838704688,0.00035921044345684405,3283.559575764435,3245.9978596345,3208.7104604301626,2882.1285386699524
244,2021-09-02,1.000352,3823.976421613738,0.0002615999393578494,3822.630855552584,0.0002903946076078492,0.0002999379893730128,0.00030644862830639136,0.00035538258055100116,3463.250002360485,3350.840222528697,3285.450509820465,2919.0109824692713
245,2021-09-03,1.00038,3789.60501573324,0.00026398001792976816,3788.1655128383613,0.0002815897443818222,0.00029340017638333196,0.0003011400520093135,0.00035179816633056066,3571.5551725197774,3430.3539116759084,3348.289885197702,2953.0954738562946
246,2021-09-04,1.000295,3787.989113667788,0.0002640701886894935,3786.871986431791,0.0002757498924843793,0.0002880674513480886,0.000296506319094336,0.0003483578534818914,3643.3274438237822,3495.1753798133414,3403.112647851963,2985.79259199651
247,2021-09-05,1.000512,3845.3139762229816,0.00026018993668307477,3843.346182977297,0.00027056324055061115,0.0002829988123180861,0.00029196677129292835,0.00034490028811723193,3710.000356874954,3558.479162206788,3458.14183974263,3019.422144583992
248,2021-09-06,1.000288,3952.15447882299,0.0002530994183956849,3951.0165860462084,0.00026474196649896905,0.0002775625588776495,0.00028710835218077294,0.0003413002540105046,3790.339099932039,3629.8496029048642,3519.751183030577,3055.9552599354515
249,2021-09-07,1.000024,3928.39445894073,0.0002545630308901441,3928.3001797364163,0.0002613489879626941,0.00027338082651628487,0.00028304018701944434,0.00033789879428029436,3836.326126533498,3684.1133441469647,3570.819807618807,3090.164864633529
250,2021-09-08,1.00069,3434.0373846829584,0.0002914033506051615,3431.6695327053912,0.00027136710884351656,0.0002766576490778988,0.000284085582467659,0.0003360754435479362,3701.4405952574625,3638.2144693394057,3553.4260232546303,3103.5572045579156
251,2021-09-09,1.000329,3501.631765670125,0.0002856750986232163,3500.4801077146867,0.00027613643877008316,0.00027829718535886557,0.0002842842719871037,0.0003340989594332413,3634.4537660765377,3613.1718581349114,3546.8077838121376,3119.1228086032793
252,2021-09-10,1.000172,3426.51,0.0002918923335989097,3425.9207416324393,0.00028138840371302534,0.00028076903049341904,0.00028523527968857943,0.0003324437976358166,3564.942757928505,3579.126200589007,3531.696903539675,3131.154100094619
253,2021-09-11,1.000298,3222.85,0.00031037684037420296,3221.8898768167087,0.0002910512159334179,0.00028615226865356155,0.0002883779747742824,0.00033157842676281217,3450.591797557907,3514.174141721316,3492.971025199304,3134.7123658484265
254,2021-09-12,1.001041,3263.88,0.00030670275867985343,3260.485834246549,0.00029626839684889644,0.00028988872138561463,0.0002906685727624788,0.000330602910367402,3387.223143120788,3468.048994907722,3463.9103763302096,3139.6446587267847
255,2021-09-13,0.999625,3400.11,0.0002939978412463126,3401.385519569839,0.00029551154498136856,0.0002906358340875597,0.00029108473132295797,0.00032916741746069264,3391.9439352704717,3455.928363028106,3456.0947692351633,3149.909006210826
256,2021-09-14,1.000313,3280.73,0.0003049056155184974,3279.7034528192676,0.0002986429018270782,0.00029323033980227563,0.0002928123418474004,0.00032821597424727327,3354.5304411200705,3423.8874702628627,3434.0458546831765,3154.9989845091964
257,2021-09-15,1.000516,3438.91,0.00029093986175852233,3437.1364375981993,0.00029607522180422627,0.0002928138892488659,0.0002925782818362906,0.00032675416591438104,3382.065773279447,3426.296373414742,3434.4321775475546,3166.063198355824
258,2021-09-16,1.000332,3615.65,0.0002766672659134595,3614.4500025991374,0.0002896059031739707,0.00028987813955151924,0.00029058940484593673,0.00032478997375748217,3459.5271830526776,3460.506124175541,3456.9344056790023,3183.64699460066
259,2021-09-17,1.000294,3563.86,0.00028067713097596424,3562.812533115264,0.0002866296457746352,0.0002882052289014183,0.0002893503706121902,0.0003230600583542854,3493.9556330735404,3479.1072894373083,3470.169171608535,3198.516231405154
260,2021-09-18,0.999625,3392.96,0.0002946173842308781,3394.232837313993,0.0002892922252600495,0.0002893710753249564,0.0002900087473145262,0.0003219446593690538,3460.7147011536917,3463.6755708694327,3460.6771298217177,3206.1913924211867
261,2021-09-19,0.99949,3428.16,0.00029155290301502846,3429.909253719397,0.0002900457845117092,0.00028976777126860586,0.000290201766777089,0.000320752825786543,3450.4462186755936,3457.536240478517,3456.8311453089277,3214.9646418838615
262,2021-09-20,1.000342,3343.34,0.00029920438842594534,3342.196968636726,0.00029309865248312124,0.00029148351984266754,0.00029132709448319603,0.00031990778902730386,3414.363135329305,3436.565463780009,3442.5018732249027,3219.954144893778
263,2021-09-21,1.000048,2971.93,0.0003364978313755708,2971.787354206998,0.0003075650454472711,0.0002996679401213772,0.00029697343659474285,0.00032055837892331436,3266.8378749552026,3352.060352948552,3383.662558347665,3210.2221138864534
264,2021-09-22,1.00005,2779.85,0.00035974962677842335,2779.711014449277,0.0003249599058909885,0.00031059188314993104,0.0003048204603677029,0.0003220952906039069,3104.462254786561,3247.9968368577747,3308.1686153603664,3193.339325673231
265,2021-09-23,1.000043,3078.323355703091,0.0003248661314761683,3078.1909934903706,0.0003249286477527151,0.00031318720102742873,0.00030732616925626104,0.0003222039510302701,3095.705167687831,3217.12304715461,3279.421412626617,3188.823704803315
266,2021-09-24,1.000594,3154.360772068745,0.00031720975256225176,3152.4881940814607,0.00032235568268922733,0.0003139185740337602,0.0003085616171695099,0.0003220081001099557,3114.6328431523743,3205.371255686765,3263.5547603084724,3187.398782814223
267,2021-09-25,1.000904,2931.0372607018835,0.00034148457046919887,2928.389996145368,0.00032873197861588453,0.0003189305733856581,0.000312676986331971,0.00032277188326129854,3052.5518941500395,3155.011026679238,3221.6591647880846,3177.241575493876
268,2021-09-26,1.000905,2924.08170851852,0.0003422972063619612,2921.437807302911,0.00033325372119791014,0.00032317905210862226,0.0003163795138357198,0.0003235375822064226,3008.8471985343303,3112.543168610815,3184.131495102438,3167.2100551726617
269,2021-09-27,1.000751,3061.965662491348,0.00032683286173292535,3059.6678519345455,0.0003311134347095819,0.0003238433811312228,0.00031768618232287047,0.00032366680885452076,3025.787416334402,3102.929474669675,3168.573539706451,3162.9927138692065
270,2021-09-28,1.000461,2925.7696065594496,0.00034194797763877565,2924.421448271796,0.0003347249490193131,0.00032713512595077785,0.0003207189067373586,0.0003243837174342955,2991.9987603135337,3070.4734698700604,3138.054528277119,3153.6369779634256
271,2021-09-29,1.000403,2806.2695459220336,0.0003564885637781119,2805.139074874859,0.00034197948727224606,0.00033247211464665675,0.00032519011386745273,0.00032564273101640595,2929.7121985006424,3022.2308525982057,3096.4400966018366,3139.97039352858
272,2021-09-30,1.000382,2850.14,0.0003509939862603241,2849.0516622650143,0.0003449843202682721,0.0003358397276673235,0.00032841559791656167,0.0003266368978887165,2902.825353088767,2990.7437270830796,3065.5165423097337,3128.56181583197
273,2021-10-01,1.000115,3000.4658983387417,0.0003333199022704209,3000.1208844370312,0.00034109618093565506,0.0003353815775951594,0.0003290286359607941,0.00032689897649192063,2935.257196871522,2992.4486647837984,3057.3420850756456,3123.52491656158
274,2021-10-02,1.000107,3310.963182299544,0.0003020592332003528,3310.608947142199,0.00032808386502388765,0.0003293229695233764,0.00032565746061573894,0.00032592486891185914,3060.3744469617477,3050.295988848962,3089.000442833965,3130.8615452118
275,2021-10-03,1.000422,3395.27,0.00029465167718620316,3393.837800448211,0.00031693980241132615,0.00032301909818934486,0.00032178173768704696,0.0003246984692363432,3171.5288981239023,3112.758136412462,3127.105112535746,3141.1743395347967
276,2021-10-04,1.000259,3416.92,0.000292737026327804,3416.0352468710603,0.00030887221038348545,0.0003175132669417919,0.0003181511487671416,0.00032344507931836124,3253.0310143729553,3167.899429223116,3163.22137932766,3151.953198646023
277,2021-10-05,0.999858,3385.32,0.00029535110417922087,3385.8007837112873,0.00030436517498206396,0.0003134837828031426,0.0003153011431936515,0.0003223433548031008,3297.2876041523996,3207.517857311874,3191.043804875613,3161.123692177994
278,2021-10-06,1.000456,3515.24,0.0002846053185557743,3513.6377811717853,0.0002977785561733007,0.00030823315293998467,0.0003114641651139169,0.00032086343181300956,3369.4043298255283,3263.1760252864033,3231.368051912635,3174.9477740993193
279,2021-10-07,1.000477,3573.84,0.00027994454144561595,3572.1360910845524,0.0002918338845974058,0.0003030897690319176,0.0003075242121553793,0.00031925876944566083,3436.9815835785366,3319.3505827042486,3273.9640568091245,3190.523786530113
280,2021-10-08,1.000406,3589.74,0.00027868480725623583,3588.2831570382427,0.00028745085881701584,0.0002986525032545209,0.0003039192865429864,0.0003176676336735265,3487.415441398439,3368.247414401338,3313.2539443377646,3206.1221932167064
281,2021-10-09,1.000004,3556.25,0.0002811962038664323,3556.2357750569004,0.000285365973833488,0.00029547863063850475,0.0003010789012084171,0.00031623738152422874,3510.355552617926,3402.427116338713,3343.6266731776564,3219.8521376025965
282,2021-10-10,1.000128,3571.7,0.0002800145588935241,3571.2428809112434,0.0002835821688535001,0.00029266698123032645,0.0002984458584190555,0.0003148168786759658,3530.6513287156986,3433.1208917155363,3372.0786991443547,3233.6321667519555
283,2021-10-11,1.000952,3410.0,0.0002935343108504399,3406.7567675572855,0.00028689954951914673,0.00029282467752489254,0.00029783191497297854,0.00031398226817300396,3489.3531416628944,3428.327414595854,3376.4134576959714,3240.421366783537
284,2021-10-12,1.000619,3542.701250818885,0.0002824452103514824,3540.5096753298562,0.000285414769796592,0.0002909375016751816,0.0002959085768952915,0.00031274552080745414,3506.405319551882,3448.7241892747634,3396.9254849002073,3252.1895357461376
285,2021-10-13,0.99992,3490.6501048910145,0.00028645666851539667,3490.9293792413537,0.0002857620693695269,0.00029012280473703886,0.00029472708834780466,0.0003117145854234519,3501.246672781706,3456.39786017778,3408.675971692851,3261.5518825498716
286,2021-10-14,1.000062,3608.188717798269,0.0002771645493670968,3607.965023966783,0.0002828962293687169,0.0002877667583061403,0.0002925317709752162,0.0003103596820486929,3536.8194565100653,3483.955526321235,3433.5871032270925,3275.136711625045
287,2021-10-15,0.999977,3791.66,0.0002637306615044598,3791.7472101858343,0.0002765077067472979,0.0002833965588876529,0.00028893163229137163,0.0003085310930077426,3621.7953744019887,3539.9176506602525,3478.357116596935,3295.395946862723
288,2021-10-16,0.999135,3868.7199999999993,0.0002582598378791952,3872.069339979081,0.00027042508379126367,0.0002788262459770242,0.00028509765798984956,0.0003065596712379956,3705.220029594353,3600.308866900039,3527.5711445197035,3318.0105897300314
289,2021-10-17,1.00001,3825.19,0.00026142753693280595,3825.151748482515,0.0002674259015051111,0.0002756628443326209,0.0002821388928577191,0.0003047897836181843,3745.1972692237405,3641.1893908241254,3564.768720015055,3337.89847830856
290,2021-10-18,1.00033,3854.37,0.0002595313890467184,3853.0984775024244,0.00026479439735231354,0.0002727298524624568,0.000279312954881344,0.00030301494461538173,3781.164338649969,3679.718315674725,3600.8099397009764,3358.102399845574
291,2021-10-19,1.000059,3748.31,0.00026680263905600127,3748.088862757097,0.0002654638112535428,0.00027165217729764666,0.00027774916540317617,0.0003015948542012884,3770.139180019012,3692.149324235156,3619.2198050829916,3373.395986626418
292,2021-10-20,1.000137,3887.87,0.0002572454840311019,3887.337434771436,0.0002627243688460625,0.0002690327785219112,0.00027518620523166686,0.0002998556632142223,3809.2052649364873,3727.6380716053886,3652.7345087940475,3393.5505532203406
293,2021-10-21,0.999877,4154.42,0.00024067788042614853,4154.931056519952,0.0002553755393727579,0.0002638773425044998,0.00027087266463097706,0.0002975349658499841,3924.447195464309,3805.3277052262183,3715.5090772597855,3423.4086121732666
294,2021-10-22,1.000024,4053.9646712070535,0.0002466780253667693,4053.867378389972,0.0002524763680374284,0.0002607501939340033,0.00026784833472295107,0.00029554057602711295,3967.5872564395304,3850.516736710537,3757.8038649010587,3448.1324853582355
295,2021-10-23,0.999924,3971.504248808216,0.00025177462678028384,3971.806106072277,0.0002522424542850469,0.000259118272633327,0.00026583912123011766,0.0002938242642919432,3968.993539650446,3872.5693493217623,3784.5541450474607,3468.6687057783943
296,2021-10-24,1.000856,4168.50777826765,0.00024009934807316975,4164.942587412825,0.00024819475221442115,0.0002556602863496621,0.00026262164958549915,0.0002917174048323834,4034.3098889045723,3925.728119883773,3832.1027003431313,3495.973563881705
297,2021-10-25,1.000219,4082.2778371118034,0.00024501492546809387,4081.3840140127345,0.0002471348099656454,0.0002537247661893769,0.0002604208090708235,0.0002898859350533917,4050.0012639406264,3954.029191543584,3863.262864551832,3518.9308364358635
298,2021-10-26,0.999451,4220.817103616245,0.00023679088088031727,4223.135605063425,0.0002436868336038694,0.00025064587795136604,0.00025746706804701024,0.0002878037760662123,4107.712710981559,4002.957630365373,3908.2469571157812,3546.546709715376
299,2021-10-27,1.000239,4131.247953517975,0.0002421154603291831,4130.260821181711,0.0002431630425123073,0.0002490948929291509,0.00025554811708228183,0.00028601207740985824,4115.228747714944,4026.1036650592523,3935.9986901240227,3569.437459184644
300,2021-10-28,1.000801,3923.7357100727454,0.0002550633054695331,3920.5953132268505,0.00024712979683138257,0.000250180058845584,0.00025548751563068825,0.0002847984000788651,4050.350936218913,4006.920328362452,3934.0732680118763,3583.2083554215933
301,2021-10-29,1.000428,4287.945607447652,0.00023331172817639653,4286.111151874649,0.00024252377394638725,0.0002471130896330045,0.0002527155421989018,0.0002827793149062193,4128.937674770825,4057.68229627376,3978.078003494723,3610.7731709687723
302,2021-10-30,1.000072,4426.66,0.00022592021975936712,4426.341303426153,0.00023698925588404722,0.0002432598405650704,0.00024936612689395996,0.00028054954646908786,4228.072217655934,4124.711206665104,4034.1109159861517,3642.7562349867085
303,2021-10-31,1.000384,4290.16,0.00023318104686072315,4288.513210927004,0.00023571985287627255,0.00024142733261882545,0.0002473429918898054,0.00027869195824915203,4248.219215412957,4154.493389258177,4065.9112028537584,3668.0800379647594
304,2021-11-01,1.000382,4325.548484031913,0.00023127286717348916,4323.896755471323,0.00023423752430867808,0.00023958106617421882,0.00024533422630026585,0.00027683238605010646,4273.445062099079,4185.29400129693,4098.159396930954,3693.7983406120757
305,2021-11-02,1.000369,4324.21,0.00023134144733951404,4322.614955081574,0.00023327216531895676,0.00023808295365881793,0.00024358512893017187,0.0002750484276692989,4289.835026426577,4210.261447439592,4126.216341699782,3718.4578156893112
306,2021-11-03,1.000822,4598.0,0.0002176646367986081,4594.223548243343,0.0002280696558121739,0.00023437053241150705,0.0002403450674137264,0.00027279808292927183,4391.297867032166,4280.0727384948195,4184.717242517727,3752.8015699071166
307,2021-11-04,1.000648,4537.15,0.000220545496622329,4534.211830733684,0.0002255616027488923,0.0002318568895407474,0.0002378701210648017,0.000270748961897627,4438.935854932673,4326.279846174612,4228.404066044722,3783.445109547374
308,2021-11-05,1.000975,4538.27,0.000220563122070745,4533.849496740679,0.0002238954425228432,0.0002298034772734742,0.00023570674619054463,0.0002687808897475532,4470.573735535341,4364.0197826411695,4266.584744881717,3812.8727325745626
309,2021-11-06,1.001545,4523.16,0.0002214259499995578,4516.182498040527,0.00022307227834841476,0.0002282802904963985,0.00023392164666667127,0.0002669238332868475,4485.7766563704035,4391.685730895598,4297.7844640265685,3840.453507690875
310,2021-11-07,1.001316,4617.02,0.00021687495397464164,4610.951987184864,0.00022100650355715706,0.00022620659294698815,0.00023179081008016755,0.0002649611321373492,4527.501766641891,4431.552322948191,4336.930404421355,3870.6691343376983
311,2021-11-08,1.001423,4811.9,0.00020811384276481223,4805.062396210193,0.0002167089499597088,0.00022291700200477432,0.00022883118916574812,0.0002627318266717595,4620.021976497992,4499.463245359464,4395.446903394959,3907.312007352306
312,2021-11-09,1.000522,4734.069479655316,0.0002113450181286412,4731.599584672118,0.00021492097268268628,0.00022081300493638647,0.00022664541778610978,0.0002607166577092843,4657.214512556035,4541.669852507219,4437.465988554604,3939.6370103844556
313,2021-11-10,1.000101,4638.533610242913,0.00021560714743805125,4638.065165661182,0.00021514969760114128,0.0002198664853912346,0.00022526563399260247,0.00025894765730649085,4650.831396924417,4559.196273080666,4462.540885692926,3967.0263498070726
314,2021-11-11,1.000357,4724.195888995844,0.00021175180358844767,4722.509952942644,0.00021401706626357676,0.00021839108869981877,0.00022357640519208314,0.00025709683951362643,4674.724248930494,4588.889669419208,4495.037019099141,3996.653157773174
315,2021-11-12,1.001448,4672.180160824782,0.00021434276195017569,4665.424625966383,0.0002141256314924431,0.00021765502929079275,0.0002224221997868447,0.00025542020902094207,4671.624374609124,4602.805116064149,4516.335469957546,4022.8794898591823
316,2021-11-13,0.999111,4646.889057215584,0.00021500642423313357,4651.023817389243,0.00021441922907267327,0.00021717346473485471,0.00022149522784263082,0.0002538353547155378,4664.757522202497,4611.572152668711,4533.171513386507,4047.512600742714
317,2021-11-14,1.000842,4627.349570306753,0.00021628839247899158,4623.456619832854,0.00021504228354144605,0.00021701254250651596,0.00022084437342217593,0.00025236292482390854,4650.990554745949,4613.732964880373,4544.457151692301,4070.098640707033
318,2021-11-15,1.00026,4559.226888007753,0.00021939245941697013,4558.041797140497,0.00021649234216662076,0.0002174452546720531,0.0002206628841715252,0.00025106996539618544,4620.007635544132,4603.607298018577,4546.155232373325,4089.233666449522
319,2021-11-16,1.001457,4212.474101543331,0.00023773606100820766,4206.345456213628,0.00022357358178048308,0.00022113449218771753,0.0002227970312761105,0.0002505470671848922,4482.120242433964,4531.377872235859,4503.679010353362,4093.8262856559577
320,2021-11-17,1.000489,4289.4,0.00023324684105003032,4287.303508584302,0.00022679800153699883,0.00022333673743541075,0.00022410325749785048,0.0002498686269443094,4417.181331150744,4487.000715208303,4476.632072632229,4101.413627731579
321,2021-11-18,1.000169,4002.608294039627,0.0002498793103210659,4001.9319675371125,0.00023449177113168786,0.0002281626597782571,0.0002273252641007524,0.00024986904590026065,4278.764876612868,4398.806397449904,4417.29455949534,4097.512386155326
322,2021-11-19,1.00007,4009.87,0.00024940210031746665,4009.5893287469876,0.00023946188086028082,0.00023202437623993154,0.0002300848686278417,0.0002498507343087785,4189.039693990908,4328.0396576857365,4366.331405651796,4094.0644231197043
323,2021-11-20,1.00068,4303.6,0.00023252160981503855,4300.67554063237,0.0002371484571785334,0.00023211478234449643,0.0002303894612762413,0.0002491711607992201,4226.251642871395,4323.064363676033,4358.124422524367,4102.166819884907
324,2021-11-21,0.999638,4416.39,0.0002263473108126773,4417.9893121309915,0.00023354807505658137,0.00023106615115689295,0.0002298841924682958,0.0002482761078585714,4290.164199291261,4340.323445213298,4365.607533725195,4114.552015659264
325,2021-11-22,1.001288,4089.16,0.00024486398184468206,4083.899936881297,0.0002373200439859483,0.00023357484764558186,0.0002317566661403441,0.00024814229899528163,4221.409445154606,4293.700989152934,4330.394084119707,4113.349973354246
326,2021-11-23,1.000507,4341.6643033745,0.00023044319645403478,4339.464195027621,0.0002350277614753105,0.000233005456519846,0.00023159248242955543,0.00024744821654268373,4260.761028445611,4302.021572039241,4331.527847983197,4122.217197733594
327,2021-11-24,0.999986,4274.412433103418,0.00023394700807426874,4274.472275715278,0.0002346675103416299,0.00023317664771155922,0.00023188679813514459,0.00024691875738705964,4265.331444202167,4297.012609071247,4324.395901449707,4128.187985105425
328,2021-11-25,0.999483,4518.3821273925705,0.00022120373439436677,4520.719339290984,0.00023017958502587557,0.00023099975438116058,0.00023055141516754738,0.0002459103251128364,4350.460742565107,4337.68656002029,4348.936331179866,4143.581371544074
329,2021-11-26,1.000986,4031.7905322511047,0.00024827331479473235,4027.8191026159257,0.00023621082828216116,0.0002341404017290827,0.0002327666526209455,0.00024600299137487157,4242.9135292487135,4281.347022310405,4308.796677609374,4139.041674723362
330,2021-11-27,1.000287,4093.771236297388,0.0002443436484996923,4092.596661055665,0.00023892176835467157,0.00023599553750555717,0.00023421377710578886,0.0002459379191052567,4192.807906517697,4247.028774809543,4281.77167554016,4137.220301638355
331,2021-11-28,1.001281,4297.097003928493,0.00023301335740957412,4291.59946501381,0.0002369522980396391,0.00023545332294265116,0.00023406372464376203,0.00024543107354856324,4225.738426016402,4255.132536664864,4283.000149224366,4143.274386476608
332,2021-11-29,0.999929,4309.572989283458,0.00023202507591506315,4309.878990691797,0.00023530989066478046,0.00023483000530127152,0.00023380889355267468,0.0002449053481511711,4253.785280908201,4265.0864373970335,4286.360004407795,4149.807900367399
333,2021-11-30,1.000583,4634.497518331279,0.00021589891806874352,4631.797180575004,0.00022883956646610148,0.0002313879894408119,0.0002315701466171833,0.00024376784108911512,4379.789247463802,4331.7611179748465,4329.539651428696,4168.709440767698
334,2021-12-01,1.000449,4611.465074124818,0.0002169481897658889,4609.395455565269,0.0002248757742326973,0.0002287625713180986,0.00022974240201077152,0.00024271609005683173,4456.324650164292,4382.240088445832,4364.521626945768,4185.9912452695635
335,2021-12-02,1.000234,4512.666403717624,0.0002216503305398306,4511.610686816909,0.00022380062633507508,0.00022746943663114078,0.00022873089307690392,0.00024188998184047873,4474.753329048498,4405.762015422391,4382.9077594296605,4198.760635134166
336,2021-12-03,0.999993,4509.911634406562,0.00022173228237355128,4509.9432040089905,0.00022311117834790048,0.0002264263176752154,0.00022785606673898483,0.00024109948382216784,4486.483287368663,4424.704049710864,4398.787190002076,4210.963873129257
337,2021-12-04,1.000505,4120.740103537305,0.00024279740407339727,4118.660180146331,0.00022967325358973277,0.00022940287883852119,0.00022972373390578639,0.00024116606893005919,4363.875584961219,4369.059709790039,4363.7713137701085,4207.34412046326
338,2021-12-05,0.999861,4196.014863587487,0.00023828824074878136,4196.598190735999,0.0002325449159760823,0.00023101839918584122,0.00023079429726116074,0.00024105321292295024,4308.116453552813,4337.703069962032,4342.874673390845,4206.922711454347
339,2021-12-06,1.000632,4205.791293910909,0.0002379176545086063,4203.134912646117,0.000234335828820257,0.00023227280924452578,0.00023168471691709146,0.00024093024984787794,4273.122606583915,4313.236132268229,4325.407203297754,4206.774170324613
340,2021-12-07,1.00124,4365.21171217759,0.00022936802749036207,4359.805553291509,0.00023267989504362538,0.00023174466710740508,0.0002313951307387503,0.0002404768293632695,4302.016922153113,4321.703299727007,4329.706997046973,4212.775401029197
341,2021-12-08,1.000941,4307.713044514378,0.00023236018501154344,4303.663297351571,0.00023257332503293142,0.00023185657945361203,0.00023151576252284945,0.00024015852958477043,4302.565713885933,4318.423299295109,4326.451534585048,4216.339632257526
